Workbook

Sheet Sheet2
A3: Row Labels | B3: Count of Total Sales
A4: P101 | B4: 17
A5: P102 | B5: 15
A6: P103 | B6: 16
A7: P104 | B7: 20
A8: P105 | B8: 14
A9: (blank) | B9: 18
A10: Grand Total | B10: 100

Sheet Sheet3
A3: Row Labels | B3: Count of Total Sales
A4: 2024-01-01 | B4: 1
A5: 2024-01-02 | B5: 1
A6: 2024-01-03 | B6: 1
A7: 2024-01-04 | B7: 1
A8: 2024-01-05 | B8: 1
A9: 2024-01-06 | B9: 1
A10: 2024-01-07 | B10: 1
A11: 2024-01-08 | B11: 1
A12: 2024-01-09 | B12: 1
A13: 2024-01-10 | B13: 1
A14: 2024-01-11 | B14: 1
A15: 2024-01-12 | B15: 1
... A104: Grand Total | B104: 100

Sheet Sheet4
A3: Row Labels | B3: Count of Total Sales
A4: Emma | B4: 19
A5: Henry | B5: 20
A6: Joy | B6: 6
A7: Samuel | B7: 55
A8: Grand Total | B8: 100

Sheet Sheet5
A3: Row Labels | B3: Count of Total Sales
A4: 0 | B4: 0.18
A5: Accessories | B5: 0.31
A6: Electronics | B6: 0.51
A7: Grand Total | B7: 1

Sheet Sales_Data
A1: Date | B1: Customer Name | C1: Product ID | D1: Quantity | E1: Sales Rep | F1: Status | G1: Customer Name | H1: Sales Rep | I1: Product Price | J1: Product Category | K1: Sales Rep Department | L1: Monthly Target | M1: Total Sales | N1: Progress
A2: 2024-01-01 | B2: Ali Musa | C2: P102 | D2: 4 | E2: Samuel | F2: pending | G2: =PROPER(TRIM(B2)) -> Ali Musa | H2: =PROPER(TRIM(E2)) -> Samuel | I2: =_xlfn.XLOOKUP(C2,Product_List!$A$2:$A$100,Product_List!$C$2:$C$100) -> 15000 | J2: =_xlfn.XLOOKUP(C2,Product_List!$A$2:$A$100,Product_List!$D$2:$D$100) -> Accessories | K2: =_xlfn.XLOOKUP(E2,Employee_Targets!$A$2:$A$100,Employee_Targets!$B$2:$B$100) -> Retail | L2: =_xlfn.XLOOKUP(E2,Employee_Targets!$A$2:$A$100,Employee_Targets!$C$2:$C$100) -> 500000 | M2: =D2* I2 -> 60000 | N2: =IF(M2>=L2,"Achieved","Not Achieved") -> Not Achieved
A3: 2024-01-02 | B3: AminaBello | C3: P102 | D3: 1 | E3: Joy | F3: pending | G3: =PROPER(TRIM(B3)) -> Aminabello | H3: =PROPER(TRIM(E3)) -> Joy | I3: =_xlfn.XLOOKUP(C3,Product_List!$A$2:$A$100,Product_List!$C$2:$C$100) -> 15000 | J3: =_xlfn.XLOOKUP(C3,Product_List!$A$2:$A$100,Product_List!$D$2:$D$100) -> Accessories | K3: =_xlfn.XLOOKUP(E3,Employee_Targets!$A$2:$A$100,Employee_Targets!$B$2:$B$100) -> Corporate | L3: =_xlfn.XLOOKUP(E3,Employee_Targets!$A$2:$A$100,Employee_Targets!$C$2:$C$100) -> 350000 | M3: =D3* I3 -> 15000 | N3: =IF(M3>=L3,"Achieved","Not Achieved") -> Not Achieved
A4: 2024-01-03 | B4: Uknown Customer | C4: P104 | D4: Average | E4: Samuel | F4: Pending | G4: =PROPER(TRIM(B4)) -> Uknown Customer | H4: =PROPER(TRIM(E4)) -> Samuel | I4: =_xlfn.XLOOKUP(C4,Product_List!$A$2:$A$100,Product_List!$C$2:$C$100) -> 90000 | J4: =_xlfn.XLOOKUP(C4,Product_List!$A$2:$A$100,Product_List!$D$2:$D$100) -> Electronics | K4: =_xlfn.XLOOKUP(E4,Employee_Targets!$A$2:$A$100,Employee_Targets!$B$2:$B$100) -> Retail | L4: =_xlfn.XLOOKUP(E4,Employee_Targets!$A$2:$A$100,Employee_Targets!$C$2:$C$100) -> 500000 | M4: =D4* I4 -> #VALUE! | N4: =IF(M4>=L4,"Achieved","Not Achieved") -> #VALUE!
A5: 2024-01-04 | B5: Ali Musa | C5: P102 | D5: 1 | E5: Henry | F5: pending | G5: =PROPER(TRIM(B5)) -> Ali Musa | H5: =PROPER(TRIM(E5)) -> Henry | I5: =_xlfn.XLOOKUP(C5,Product_List!$A$2:$A$100,Product_List!$C$2:$C$100) -> 15000 | J5: =_xlfn.XLOOKUP(C5,Product_List!$A$2:$A$100,Product_List!$D$2:$D$100) -> Accessories | K5: =_xlfn.XLOOKUP(E5,Employee_Targets!$A$2:$A$100,Employee_Targets!$B$2:$B$100) -> #N/A | L5: =_xlfn.XLOOKUP(E5,Employee_Targets!$A$2:$A$100,Employee_Targets!$C$2:$C$100) -> #N/A | M5: =D5* I5 -> 15000 | N5: =IF(M5>=L5,"Achieved","Not Achieved") -> #N/A
A6: 2024-01-05 | B6: Peter Yusuf | C6: P102 | D6: 1 | E6: Samuel | F6: pending | G6: =PROPER(TRIM(B6)) -> Peter Yusuf | H6: =PROPER(TRIM(E6)) -> Samuel | I6: =_xlfn.XLOOKUP(C6,Product_List!$A$2:$A$100,Product_List!$C$2:$C$100) -> 15000 | J6: =_xlfn.XLOOKUP(C6,Product_List!$A$2:$A$100,Product_List!$D$2:$D$100) -> Accessories | K6: =_xlfn.XLOOKUP(E6,Employee_Targets!$A$2:$A$100,Employee_Targets!$B$2:$B$100) -> Retail | L6: =_xlfn.XLOOKUP(E6,Employee_Targets!$A$2:$A$100,Employee_Targets!$C$2:$C$100) -> 500000 | M6: =D6* I6 -> 15000 | N6: =IF(M6>=L6,"Achieved","Not Achieved") -> Not Achieved
A7: 2024-01-06 | B7: Uknown Customer | C7: P105 | D7: 1 | E7: Samuel | F7: Pending | G7: =PROPER(TRIM(B7)) -> Uknown Customer | H7: =PROPER(TRIM(E7)) -> Samuel | I7: =_xlfn.XLOOKUP(C7,Product_List!$A$2:$A$100,Product_List!$C$2:$C$100) -> 45000 | J7: =_xlfn.XLOOKUP(C7,Product_List!$A$2:$A$100,Product_List!$D$2:$D$100) -> Electronics | K7: =_xlfn.XLOOKUP(E7,Employee_Targets!$A$2:$A$100,Employee_Targets!$B$2:$B$100) -> Retail | L7: =_xlfn.XLOOKUP(E7,Employee_Targets!$A$2:$A$100,Employee_Targets!$C$2:$C$100) -> 500000 | M7: =D7* I7 -> 45000 | N7: =IF(M7>=L7,"Achieved","Not Achieved") -> Not Achieved
A8: 2024-01-07 | B8: Uknown Customer | C8: P104 | D8: 3 | E8: Samuel | F8: pending | G8: =PROPER(TRIM(B8)) -> Uknown Customer | H8: =PROPER(TRIM(E8)) -> Samuel | I8: =_xlfn.XLOOKUP(C8,Product_List!$A$2:$A$100,Product_List!$C$2:$C$100) -> 90000 | J8: =_xlfn.XLOOKUP(C8,Product_List!$A$2:$A$100,Product_List!$D$2:$D$100) -> Electronics | K8: =_xlfn.XLOOKUP(E8,Employee_Targets!$A$2:$A$100,Employee_Targets!$B$2:$B$100) -> Retail | L8: =_xlfn.XLOOKUP(E8,Employee_Targets!$A$2:$A$100,Employee_Targets!$C$2:$C$100) -> 500000 | M8: =D8* I8 -> 270000 | N8: =IF(M8>=L8,"Achieved","Not Achieved") -> Not Achieved
A9: 2024-01-08 | B9: Uknown Customer | C9: P105 | D9: Average | E9: Emma | F9: pending | G9: =PROPER(TRIM(B9)) -> Uknown Customer | H9: =PROPER(TRIM(E9)) -> Emma | I9: =_xlfn.XLOOKUP(C9,Product_List!$A$2:$A$100,Product_List!$C$2:$C$100) -> 45000 | J9: =_xlfn.XLOOKUP(C9,Product_List!$A$2:$A$100,Product_List!$D$2:$D$100) -> Electronics | K9: =_xlfn.XLOOKUP(E9,Employee_Targets!$A$2:$A$100,Employee_Targets!$B$2:$B$100) -> Retail | L9: =_xlfn.XLOOKUP(E9,Employee_Targets!$A$2:$A$100,Employee_Targets!$C$2:$C$100) -> 200000 | M9: =D9* I9 -> #VALUE! | N9: =IF(M9>=L9,"Achieved","Not Achieved") -> #VALUE!
A10: 2024-01-09 | B10: Ali Musa | C10: P105 | D10: 1 | E10: Samuel | F10: pending | G10: =PROPER(TRIM(B10)) -> Ali Musa | H10: =PROPER(TRIM(E10)) -> Samuel | I10: =_xlfn.XLOOKUP(C10,Product_List!$A$2:$A$100,Product_List!$C$2:$C$100) -> 45000 | J10: =_xlfn.XLOOKUP(C10,Product_List!$A$2:$A$100,Product_List!$D$2:$D$100) -> Electronics | K10: =_xlfn.XLOOKUP(E10,Employee_Targets!$A$2:$A$100,Employee_Targets!$B$2:$B$100) -> Retail | L10: =_xlfn.XLOOKUP(E10,Employee_Targets!$A$2:$A$100,Employee_Targets!$C$2:$C$100) -> 500000 | M10: =D10* I10 -> 45000 | N10: =IF(M10>=L10,"Achieved","Not Achieved") -> Not Achieved
A11: 2024-01-10 | B11: Mary Okon | C11: P104 | D11: 4 | E11: Samuel | F11: Delivered | G11: =PROPER(TRIM(B11)) -> Mary Okon | H11: =PROPER(TRIM(E11)) -> Samuel | I11: =_xlfn.XLOOKUP(C11,Product_List!$A$2:$A$100,Product_List!$C$2:$C$100) -> 90000 | J11: =_xlfn.XLOOKUP(C11,Product_List!$A$2:$A$100,Product_List!$D$2:$D$100) -> Electronics | K11: =_xlfn.XLOOKUP(E11,Employee_Targets!$A$2:$A$100,Employee_Targets!$B$2:$B$100) -> Retail | L11: =_xlfn.XLOOKUP(E11,Employee_Targets!$A$2:$A$100,Employee_Targets!$C$2:$C$100) -> 500000 | M11: =D11* I11 -> 360000 | N11: =IF(M11>=L11,"Achieved","Not Achieved") -> Not Achieved
A12: 2024-01-11 | B12: Peter Yusuf | C12: P101 | D12: 5 | E12: Emma | F12: Delivered | G12: =PROPER(TRIM(B12)) -> Peter Yusuf | H12: =PROPER(TRIM(E12)) -> Emma | I12: =_xlfn.XLOOKUP(C12,Product_List!$A$2:$A$100,Product_List!$C$2:$C$100) -> 350000 | J12: =_xlfn.XLOOKUP(C12,Product_List!$A$2:$A$100,Product_List!$D$2:$D$100) -> Electronics | K12: =_xlfn.XLOOKUP(E12,Employee_Targets!$A$2:$A$100,Employee_Targets!$B$2:$B$100) -> Retail | L12: =_xlfn.XLOOKUP(E12,Employee_Targets!$A$2:$A$100,Employee_Targets!$C$2:$C$100) -> 200000 | M12: =D12* I12 -> 1750000 | N12: =IF(M12>=L12,"Achieved","Not Achieved") -> Achieved
A13: 2024-01-12 | B13: Ali Musa | C13: P105 | D13: 1 | E13: Emma | F13: Delivered | G13: =PROPER(TRIM(B13)) -> Ali Musa | H13: =PROPER(TRIM(E13)) -> Emma | I13: =_xlfn.XLOOKUP(C13,Product_List!$A$2:$A$100,Product_List!$C$2:$C$100) -> 45000 | J13: =_xlfn.XLOOKUP(C13,Product_List!$A$2:$A$100,Product_List!$D$2:$D$100) -> Electronics | K13: =_xlfn.XLOOKUP(E13,Employee_Targets!$A$2:$A$100,Employee_Targets!$B$2:$B$100) -> Retail | L13: =_xlfn.XLOOKUP(E13,Employee_Targets!$A$2:$A$100,Employee_Targets!$C$2:$C$100) -> 200000 | M13: =D13* I13 -> 45000 | N13: =IF(M13>=L13,"Achieved","Not Achieved") -> Not Achieved
A14: 2024-01-13 | B14: Peter Yusuf | D14: 3 | E14: Emma | F14: Pending | G14: =PROPER(TRIM(B14)) -> Peter Yusuf | H14: =PROPER(TRIM(E14)) -> Emma | I14: =_xlfn.XLOOKUP(C14,Product_List!$A$2:$A$100,Product_List!$C$2:$C$100) -> 0 | J14: =_xlfn.XLOOKUP(C14,Product_List!$A$2:$A$100,Product_List!$D$2:$D$100) -> 0 | K14: =_xlfn.XLOOKUP(E14,Employee_Targets!$A$2:$A$100,Employee_Targets!$B$2:$B$100) -> Retail | L14: =_xlfn.XLOOKUP(E14,Employee_Targets!$A$2:$A$100,Employee_Targets!$C$2:$C$100) -> 200000 | M14: =D14* I14 -> 0 | N14: =IF(M14>=L14,"Achieved","Not Achieved") -> Not Achieved
A15: 2024-01-14 | B15: Peter Yusuf | D15: Average | E15: Samuel | F15: Returned | G15: =PROPER(TRIM(B15)) -> Peter Yusuf | H15: =PROPER(TRIM(E15)) -> Samuel | I15: =_xlfn.XLOOKUP(C15,Product_List!$A$2:$A$100,Product_List!$C$2:$C$100) -> 0 | J15: =_xlfn.XLOOKUP(C15,Product_List!$A$2:$A$100,Product_List!$D$2:$D$100) -> 0 | K15: =_xlfn.XLOOKUP(E15,Employee_Targets!$A$2:$A$100,Employee_Targets!$B$2:$B$100) -> Retail | L15: =_xlfn.XLOOKUP(E15,Employee_Targets!$A$2:$A$100,Employee_Targets!$C$2:$C$100) -> 500000 | M15: =D15* I15 -> #VALUE! | N15: =IF(M15>=L15,"Achieved","Not Achieved") -> #VALUE!
A16: 2024-01-15 | B16: Uknown Customer | C16: P102 | D16: 3 | E16: Henry | F16: pending | G16: =PROPER(TRIM(B16)) -> Uknown Customer | H16: =PROPER(TRIM(E16)) -> Henry | I16: =_xlfn.XLOOKUP(C16,Product_List!$A$2:$A$100,Product_List!$C$2:$C$100) -> 15000 | J16: =_xlfn.XLOOKUP(C16,Product_List!$A$2:$A$100,Product_List!$D$2:$D$100) -> Accessories | K16: =_xlfn.XLOOKUP(E16,Employee_Targets!$A$2:$A$100,Employee_Targets!$B$2:$B$100) -> #N/A | L16: =_xlfn.XLOOKUP(E16,Employee_Targets!$A$2:$A$100,Employee_Targets!$C$2:$C$100) -> #N/A | M16: =D16* I16 -> 45000 | N16: =IF(M16>=L16,"Achieved","Not Achieved") -> #N/A
A17: 2024-01-16 | B17: Uknown Customer | D17: 1 | E17: Samuel | F17: pending | G17: =PROPER(TRIM(B17)) -> Uknown Customer | H17: =PROPER(TRIM(E17)) -> Samuel | I17: =_xlfn.XLOOKUP(C17,Product_List!$A$2:$A$100,Product_List!$C$2:$C$100) -> 0 | J17: =_xlfn.XLOOKUP(C17,Product_List!$A$2:$A$100,Product_List!$D$2:$D$100) -> 0 | K17: =_xlfn.XLOOKUP(E17,Employee_Targets!$A$2:$A$100,Employee_Targets!$B$2:$B$100) -> Retail | L17: =_xlfn.XLOOKUP(E17,Employee_Targets!$A$2:$A$100,Employee_Targets!$C$2:$C$100) -> 500000 | M17: =D17* I17 -> 0 | N17: =IF(M17>=L17,"Achieved","Not Achieved") -> Not Achieved
A18: 2024-01-17 | B18: Amina Bello | C18: P102 | D18: Average | E18: Samuel | F18: Pending | G18: =PROPER(TRIM(B18)) -> Amina Bello | H18: =PROPER(TRIM(E18)) -> Samuel | I18: =_xlfn.XLOOKUP(C18,Product_List!$A$2:$A$100,Product_List!$C$2:$C$100) -> 15000 | J18: =_xlfn.XLOOKUP(C18,Product_List!$A$2:$A$100,Product_List!$D$2:$D$100) -> Accessories | K18: =_xlfn.XLOOKUP(E18,Employee_Targets!$A$2:$A$100,Employee_Targets!$B$2:$B$100) -> Retail | L18: =_xlfn.XLOOKUP(E18,Employee_Targets!$A$2:$A$100,Employee_Targets!$C$2:$C$100) -> 500000 | M18: =D18* I18 -> #VALUE! | N18: =IF(M18>=L18,"Achieved","Not Achieved") -> #VALUE!
A19: 2024-01-18 | B19: Uknown Customer | C19: P101 | D19: 5 | E19: Emma | F19: pending | G19: =PROPER(TRIM(B19)) -> Uknown Customer | H19: =PROPER(TRIM(E19)) -> Emma | I19: =_xlfn.XLOOKUP(C19,Product_List!$A$2:$A$100,Product_List!$C$2:$C$100) -> 350000 | J19: =_xlfn.XLOOKUP(C19,Product_List!$A$2:$A$100,Product_List!$D$2:$D$100) -> Electronics | K19: =_xlfn.XLOOKUP(E19,Employee_Targets!$A$2:$A$100,Employee_Targets!$B$2:$B$100) -> Retail | L19: =_xlfn.XLOOKUP(E19,Employee_Targets!$A$2:$A$100,Employee_Targets!$C$2:$C$100) -> 200000 | M19: =D19* I19 -> 1750000 | N19: =IF(M19>=L19,"Achieved","Not Achieved") -> Achieved
A20: 2024-01-19 | B20: Uknown Customer | C20: P104 | D20: 1 | E20: Samuel | F20: Delivered | G20: =PROPER(TRIM(B20)) -> Uknown Customer | H20: =PROPER(TRIM(E20)) -> Samuel | I20: =_xlfn.XLOOKUP(C20,Product_List!$A$2:$A$100,Product_List!$C$2:$C$100) -> 90000 | J20: =_xlfn.XLOOKUP(C20,Product_List!$A$2:$A$100,Product_List!$D$2:$D$100) -> Electronics | K20: =_xlfn.XLOOKUP(E20,Employee_Targets!$A$2:$A$100,Employee_Targets!$B$2:$B$100) -> Retail | L20: =_xlfn.XLOOKUP(E20,Employee_Targets!$A$2:$A$100,Employee_Targets!$C$2:$C$100) -> 500000 | M20: =D20* I20 -> 90000 | N20: =IF(M20>=L20,"Achieved","Not Achieved") -> Not Achieved
A21: 2024-01-20 | B21: Peter Yusuf | C21: P104 | D21: 3 | E21: Samuel | F21: Returned | G21: =PROPER(TRIM(B21)) -> Peter Yusuf | H21: =PROPER(TRIM(E21)) -> Samuel | I21: =_xlfn.XLOOKUP(C21,Product_List!$A$2:$A$100,Product_List!$C$2:$C$100) -> 90000 | J21: =_xlfn.XLOOKUP(C21,Product_List!$A$2:$A$100,Product_List!$D$2:$D$100) -> Electronics | K21: =_xlfn.XLOOKUP(E21,Employee_Targets!$A$2:$A$100,Employee_Targets!$B$2:$B$100) -> Retail | L21: =_xlfn.XLOOKUP(E21,Employee_Targets!$A$2:$A$100,Employee_Targets!$C$2:$C$100) -> 500000 | M21: =D21* I21 -> 270000 | N21: =IF(M21>=L21,"Achieved","Not Achieved") -> Not Achieved
A22: 2024-01-21 | B22: Grace | C22: P104 | D22: 2 | E22: Henry | F22: pending | G22: =PROPER(TRIM(B22)) -> Grace | H22: =PROPER(TRIM(E22)) -> Henry | I22: =_xlfn.XLOOKUP(C22,Product_List!$A$2:$A$100,Product_List!$C$2:$C$100) -> 90000 | J22: =_xlfn.XLOOKUP(C22,Product_List!$A$2:$A$100,Product_List!$D$2:$D$100) -> Electronics | K22: =_xlfn.XLOOKUP(E22,Employee_Targets!$A$2:$A$100,Employee_Targets!$B$2:$B$100) -> #N/A | L22: =_xlfn.XLOOKUP(E22,Employee_Targets!$A$2:$A$100,Employee_Targets!$C$2:$C$100) -> #N/A | M22: =D22* I22 -> 180000 | N22: =IF(M22>=L22,"Achieved","Not Achieved") -> #N/A
A23: 2024-01-22 | B23: Uknown Customer | D23: 4 | E23: Samuel | F23: pending | G23: =PROPER(TRIM(B23)) -> Uknown Customer | H23: =PROPER(TRIM(E23)) -> Samuel | I23: =_xlfn.XLOOKUP(C23,Product_List!$A$2:$A$100,Product_List!$C$2:$C$100) -> 0 | J23: =_xlfn.XLOOKUP(C23,Product_List!$A$2:$A$100,Product_List!$D$2:$D$100) -> 0 | K23: =_xlfn.XLOOKUP(E23,Employee_Targets!$A$2:$A$100,Employee_Targets!$B$2:$B$100) -> Retail | L23: =_xlfn.XLOOKUP(E23,Employee_Targets!$A$2:$A$100,Employee_Targets!$C$2:$C$100) -> 500000 | M23: =D23* I23 -> 0 | N23: =IF(M23>=L23,"Achieved","Not Achieved") -> Not Achieved
A24: 2024-01-23 | B24: Mary Okon | C24: P101 | D24: 3 | E24: Henry | F24: Delivered | G24: =PROPER(TRIM(B24)) -> Mary Okon | H24: =PROPER(TRIM(E24)) -> Henry | I24: =_xlfn.XLOOKUP(C24,Product_List!$A$2:$A$100,Product_List!$C$2:$C$100) -> 350000 | J24: =_xlfn.XLOOKUP(C24,Product_List!$A$2:$A$100,Product_List!$D$2:$D$100) -> Electronics | K24: =_xlfn.XLOOKUP(E24,Employee_Targets!$A$2:$A$100,Employee_Targets!$B$2:$B$100) -> #N/A | L24: =_xlfn.XLOOKUP(E24,Employee_Targets!$A$2:$A$100,Employee_Targets!$C$2:$C$100) -> #N/A | M24: =D24* I24 -> 1050000 | N24: =IF(M24>=L24,"Achieved","Not Achieved") -> #N/A
A25: 2024-01-24 | B25: Uknown Customer | D25: Average | E25: Emma | F25: pending | G25: =PROPER(TRIM(B25)) -> Uknown Customer | H25: =PROPER(TRIM(E25)) -> Emma | I25: =_xlfn.XLOOKUP(C25,Product_List!$A$2:$A$100,Product_List!$C$2:$C$100) -> 0 | J25: =_xlfn.XLOOKUP(C25,Product_List!$A$2:$A$100,Product_List!$D$2:$D$100) -> 0 | K25: =_xlfn.XLOOKUP(E25,Employee_Targets!$A$2:$A$100,Employee_Targets!$B$2:$B$100) -> Retail | L25: =_xlfn.XLOOKUP(E25,Employee_Targets!$A$2:$A$100,Employee_Targets!$C$2:$C$100) -> 200000 | M25: =D25* I25 -> #VALUE! | N25: =IF(M25>=L25,"Achieved","Not Achieved") -> #VALUE!
A26: 2024-01-25 | B26: Amina Bello | D26: 1 | E26: Henry | F26: Returned | G26: =PROPER(TRIM(B26)) -> Amina Bello | H26: =PROPER(TRIM(E26)) -> Henry | I26: =_xlfn.XLOOKUP(C26,Product_List!$A$2:$A$100,Product_List!$C$2:$C$100) -> 0 | J26: =_xlfn.XLOOKUP(C26,Product_List!$A$2:$A$100,Product_List!$D$2:$D$100) -> 0 | K26: =_xlfn.XLOOKUP(E26,Employee_Targets!$A$2:$A$100,Employee_Targets!$B$2:$B$100) -> #N/A | L26: =_xlfn.XLOOKUP(E26,Employee_Targets!$A$2:$A$100,Employee_Targets!$C$2:$C$100) -> #N/A | M26: =D26* I26 -> 0 | N26: =IF(M26>=L26,"Achieved","Not Achieved") -> #N/A
A27: 2024-01-26 | B27: Grace | C27: P101 | D27: 4 | E27: Samuel | F27: pending | G27: =PROPER(TRIM(B27)) -> Grace | H27: =PROPER(TRIM(E27)) -> Samuel | I27: =_xlfn.XLOOKUP(C27,Product_List!$A$2:$A$100,Product_List!$C$2:$C$100) -> 350000 | J27: =_xlfn.XLOOKUP(C27,Product_List!$A$2:$A$100,Product_List!$D$2:$D$100) -> Electronics | K27: =_xlfn.XLOOKUP(E27,Employee_Targets!$A$2:$A$100,Employee_Targets!$B$2:$B$100) -> Retail | L27: =_xlfn.XLOOKUP(E27,Employee_Targets!$A$2:$A$100,Employee_Targets!$C$2:$C$100) -> 500000 | M27: =D27* I27 -> 1400000 | N27: =IF(M27>=L27,"Achieved","Not Achieved") -> Achieved
A28: 2024-01-27 | B28: Grace | C28: P101 | D28: 1 | E28: Emma | F28: Delivered | G28: =PROPER(TRIM(B28)) -> Grace | H28: =PROPER(TRIM(E28)) -> Emma | I28: =_xlfn.XLOOKUP(C28,Product_List!$A$2:$A$100,Product_List!$C$2:$C$100) -> 350000 | J28: =_xlfn.XLOOKUP(C28,Product_List!$A$2:$A$100,Product_List!$D$2:$D$100) -> Electronics | K28: =_xlfn.XLOOKUP(E28,Employee_Targets!$A$2:$A$100,Employee_Targets!$B$2:$B$100) -> Retail | L28: =_xlfn.XLOOKUP(E28,Employee_Targets!$A$2:$A$100,Employee_Targets!$C$2:$C$100) -> 200000 | M28: =D28* I28 -> 350000 | N28: =IF(M28>=L28,"Achieved","Not Achieved") -> Achieved
A29: 2024-01-28 | B29: Mary Okon | C29: P101 | D29: Average | E29: Samuel | F29: pending | G29: =PROPER(TRIM(B29)) -> Mary Okon | H29: =PROPER(TRIM(E29)) -> Samuel | I29: =_xlfn.XLOOKUP(C29,Product_List!$A$2:$A$100,Product_List!$C$2:$C$100) -> 350000 | J29: =_xlfn.XLOOKUP(C29,Product_List!$A$2:$A$100,Product_List!$D$2:$D$100) -> Electronics | K29: =_xlfn.XLOOKUP(E29,Employee_Targets!$A$2:$A$100,Employee_Targets!$B$2:$B$100) -> Retail | L29: =_xlfn.XLOOKUP(E29,Employee_Targets!$A$2:$A$100,Employee_Targets!$C$2:$C$100) -> 500000 | M29: =D29* I29 -> #VALUE! | N29: =IF(M29>=L29,"Achieved","Not Achieved") -> #VALUE!
A30: 2024-01-29 | B30: Uknown Customer | C30: P101 | D30: 1 | E30: Samuel | F30: Pending | G30: =PROPER(TRIM(B30)) -> Uknown Customer | H30: =PROPER(TRIM(E30)) -> Samuel | I30: =_xlfn.XLOOKUP(C30,Product_List!$A$2:$A$100,Product_List!$C$2:$C$100) -> 350000 | J30: =_xlfn.XLOOKUP(C30,Product_List!$A$2:$A$100,Product_List!$D$2:$D$100) -> Electronics | K30: =_xlfn.XLOOKUP(E30,Employee_Targets!$A$2:$A$100,Employee_Targets!$B$2:$B$100) -> Retail | L30: =_xlfn.XLOOKUP(E30,Employee_Targets!$A$2:$A$100,Employee_Targets!$C$2:$C$100) -> 500000 | M30: =D30* I30 -> 350000 | N30: =IF(M30>=L30,"Achieved","Not Achieved") -> Not Achieved
A31: 2024-01-30 | B31: Amina Bello | C31: P104 | D31: 2 | E31: Joy | F31: pending | G31: =PROPER(TRIM(B31)) -> Amina Bello | H31: =PROPER(TRIM(E31)) -> Joy | I31: =_xlfn.XLOOKUP(C31,Product_List!$A$2:$A$100,Product_List!$C$2:$C$100) -> 90000 | J31: =_xlfn.XLOOKUP(C31,Product_List!$A$2:$A$100,Product_List!$D$2:$D$100) -> Electronics | K31: =_xlfn.XLOOKUP(E31,Employee_Targets!$A$2:$A$100,Employee_Targets!$B$2:$B$100) -> Corporate | L31: =_xlfn.XLOOKUP(E31,Employee_Targets!$A$2:$A$100,Employee_Targets!$C$2:$C$100) -> 350000 | M31: =D31* I31 -> 180000 | N31: =IF(M31>=L31,"Achieved","Not Achieved") -> Not Achieved
A32: 2024-01-31 | B32: Uknown Customer | C32: P103 | D32: 4 | E32: Henry | F32: pending | G32: =PROPER(TRIM(B32)) -> Uknown Customer | H32: =PROPER(TRIM(E32)) -> Henry | I32: =_xlfn.XLOOKUP(C32,Product_List!$A$2:$A$100,Product_List!$C$2:$C$100) -> 5000 | J32: =_xlfn.XLOOKUP(C32,Product_List!$A$2:$A$100,Product_List!$D$2:$D$100) -> Accessories | K32: =_xlfn.XLOOKUP(E32,Employee_Targets!$A$2:$A$100,Employee_Targets!$B$2:$B$100) -> #N/A | L32: =_xlfn.XLOOKUP(E32,Employee_Targets!$A$2:$A$100,Employee_Targets!$C$2:$C$100) -> #N/A | M32: =D32* I32 -> 20000 | N32: =IF(M32>=L32,"Achieved","Not Achieved") -> #N/A
A33: 2024-02-01 | B33: John Ade | C33: P103 | D33: 4 | E33: Joy | F33: pending | G33: =PROPER(TRIM(B33)) -> John Ade | H33: =PROPER(TRIM(E33)) -> Joy | I33: =_xlfn.XLOOKUP(C33,Product_List!$A$2:$A$100,Product_List!$C$2:$C$100) -> 5000 | J33: =_xlfn.XLOOKUP(C33,Product_List!$A$2:$A$100,Product_List!$D$2:$D$100) -> Accessories | K33: =_xlfn.XLOOKUP(E33,Employee_Targets!$A$2:$A$100,Employee_Targets!$B$2:$B$100) -> Corporate | L33: =_xlfn.XLOOKUP(E33,Employee_Targets!$A$2:$A$100,Employee_Targets!$C$2:$C$100) -> 350000 | M33: =D33* I33 -> 20000 | N33: =IF(M33>=L33,"Achieved","Not Achieved") -> Not Achieved
A34: 2024-02-02 | B34: Amina Bello | C34: P101 | D34: Average | E34: Joy | F34: Pending | G34: =PROPER(TRIM(B34)) -> Amina Bello | H34: =PROPER(TRIM(E34)) -> Joy | I34: =_xlfn.XLOOKUP(C34,Product_List!$A$2:$A$100,Product_List!$C$2:$C$100) -> 350000 | J34: =_xlfn.XLOOKUP(C34,Product_List!$A$2:$A$100,Product_List!$D$2:$D$100) -> Electronics | K34: =_xlfn.XLOOKUP(E34,Employee_Targets!$A$2:$A$100,Employee_Targets!$B$2:$B$100) -> Corporate | L34: =_xlfn.XLOOKUP(E34,Employee_Targets!$A$2:$A$100,Employee_Targets!$C$2:$C$100) -> 350000 | M34: =D34* I34 -> #VALUE! | N34: =IF(M34>=L34,"Achieved","Not Achieved") -> #VALUE!
A35: 2024-02-03 | B35: Mary Okon | C35: P103 | D35: 2 | E35: Henry | F35: Delivered | G35: =PROPER(TRIM(B35)) -> Mary Okon | H35: =PROPER(TRIM(E35)) -> Henry | I35: =_xlfn.XLOOKUP(C35,Product_List!$A$2:$A$100,Product_List!$C$2:$C$100) -> 5000 | J35: =_xlfn.XLOOKUP(C35,Product_List!$A$2:$A$100,Product_List!$D$2:$D$100) -> Accessories | K35: =_xlfn.XLOOKUP(E35,Employee_Targets!$A$2:$A$100,Employee_Targets!$B$2:$B$100) -> #N/A | L35: =_xlfn.XLOOKUP(E35,Employee_Targets!$A$2:$A$100,Employee_Targets!$C$2:$C$100) -> #N/A | M35: =D35* I35 -> 10000 | N35: =IF(M35>=L35,"Achieved","Not Achieved") -> #N/A
A36: 2024-02-04 | B36: Grace | C36: P103 | D36: 3 | E36: Emma | F36: pending | G36: =PROPER(TRIM(B36)) -> Grace | H36: =PROPER(TRIM(E36)) -> Emma | I36: =_xlfn.XLOOKUP(C36,Product_List!$A$2:$A$100,Product_List!$C$2:$C$100) -> 5000 | J36: =_xlfn.XLOOKUP(C36,Product_List!$A$2:$A$100,Product_List!$D$2:$D$100) -> Accessories | K36: =_xlfn.XLOOKUP(E36,Employee_Targets!$A$2:$A$100,Employee_Targets!$B$2:$B$100) -> Retail | L36: =_xlfn.XLOOKUP(E36,Employee_Targets!$A$2:$A$100,Employee_Targets!$C$2:$C$100) -> 200000 | M36: =D36* I36 -> 15000 | N36: =IF(M36>=L36,"Achieved","Not Achieved") -> Not Achieved
A37: 2024-02-05 | B37: Uknown Customer | C37: P101 | D37: 1 | E37: Samuel | F37: Returned | G37: =PROPER(TRIM(B37)) -> Uknown Customer | H37: =PROPER(TRIM(E37)) -> Samuel | I37: =_xlfn.XLOOKUP(C37,Product_List!$A$2:$A$100,Product_List!$C$2:$C$100) -> 350000 | J37: =_xlfn.XLOOKUP(C37,Product_List!$A$2:$A$100,Product_List!$D$2:$D$100) -> Electronics | K37: =_xlfn.XLOOKUP(E37,Employee_Targets!$A$2:$A$100,Employee_Targets!$B$2:$B$100) -> Retail | L37: =_xlfn.XLOOKUP(E37,Employee_Targets!$A$2:$A$100,Employee_Targets!$C$2:$C$100) -> 500000 | M37: =D37* I37 -> 350000 | N37: =IF(M37>=L37,"Achieved","Not Achieved") -> Not Achieved
A38: 2024-02-06 | B38: Amina Bello | C38: P103 | D38: 5 | E38: Samuel | F38: pending | G38: =PROPER(TRIM(B38)) -> Amina Bello | H38: =PROPER(TRIM(E38)) -> Samuel | I38: =_xlfn.XLOOKUP(C38,Product_List!$A$2:$A$100,Product_List!$C$2:$C$100) -> 5000 | J38: =_xlfn.XLOOKUP(C38,Product_List!$A$2:$A$100,Product_List!$D$2:$D$100) -> Accessories | K38: =_xlfn.XLOOKUP(E38,Employee_Targets!$A$2:$A$100,Employee_Targets!$B$2:$B$100) -> Retail | L38: =_xlfn.XLOOKUP(E38,Employee_Targets!$A$2:$A$100,Employee_Targets!$C$2:$C$100) -> 500000 | M38: =D38* I38 -> 25000 | N38: =IF(M38>=L38,"Achieved","Not Achieved") -> Not Achieved
A39: 2024-02-07 | B39: John Ade | D39: 1 | E39: Samuel | F39: pending | G39: =PROPER(TRIM(B39)) -> John Ade | H39: =PROPER(TRIM(E39)) -> Samuel | I39: =_xlfn.XLOOKUP(C39,Product_List!$A$2:$A$100,Product_List!$C$2:$C$100) -> 0 | J39: =_xlfn.XLOOKUP(C39,Product_List!$A$2:$A$100,Product_List!$D$2:$D$100) -> 0 | K39: =_xlfn.XLOOKUP(E39,Employee_Targets!$A$2:$A$100,Employee_Targets!$B$2:$B$100) -> Retail | L39: =_xlfn.XLOOKUP(E39,Employee_Targets!$A$2:$A$100,Employee_Targets!$C$2:$C$100) -> 500000 | M39: =D39* I39 -> 0 | N39: =IF(M39>=L39,"Achieved","Not Achieved") -> Not Achieved
A40: 2024-02-08 | B40: John Ade | C40: P102 | D40: 1 | E40: Samuel | F40: Delivered | G40: =PROPER(TRIM(B40)) -> John Ade | H40: =PROPER(TRIM(E40)) -> Samuel | I40: =_xlfn.XLOOKUP(C40,Product_List!$A$2:$A$100,Product_List!$C$2:$C$100) -> 15000 | J40: =_xlfn.XLOOKUP(C40,Product_List!$A$2:$A$100,Product_List!$D$2:$D$100) -> Accessories | K40: =_xlfn.XLOOKUP(E40,Employee_Targets!$A$2:$A$100,Employee_Targets!$B$2:$B$100) -> Retail | L40: =_xlfn.XLOOKUP(E40,Employee_Targets!$A$2:$A$100,Employee_Targets!$C$2:$C$100) -> 500000 | M40: =D40* I40 -> 15000 | N40: =IF(M40>=L40,"Achieved","Not Achieved") -> Not Achieved
A41: 2024-02-09 | B41: Peter Yusuf | C41: P102 | D41: 3 | E41: Samuel | F41: pending | G41: =PROPER(TRIM(B41)) -> Peter Yusuf | H41: =PROPER(TRIM(E41)) -> Samuel | I41: =_xlfn.XLOOKUP(C41,Product_List!$A$2:$A$100,Product_List!$C$2:$C$100) -> 15000 | J41: =_xlfn.XLOOKUP(C41,Product_List!$A$2:$A$100,Product_List!$D$2:$D$100) -> Accessories | K41: =_xlfn.XLOOKUP(E41,Employee_Targets!$A$2:$A$100,Employee_Targets!$B$2:$B$100) -> Retail | L41: =_xlfn.XLOOKUP(E41,Employee_Targets!$A$2:$A$100,Employee_Targets!$C$2:$C$100) -> 500000 | M41: =D41* I41 -> 45000 | N41: =IF(M41>=L41,"Achieved","Not Achieved") -> Not Achieved
A42: 2024-02-10 | B42: Peter Yusuf | C42: P101 | D42: 1 | E42: Samuel | F42: pending | G42: =PROPER(TRIM(B42)) -> Peter Yusuf | H42: =PROPER(TRIM(E42)) -> Samuel | I42: =_xlfn.XLOOKUP(C42,Product_List!$A$2:$A$100,Product_List!$C$2:$C$100) -> 350000 | J42: =_xlfn.XLOOKUP(C42,Product_List!$A$2:$A$100,Product_List!$D$2:$D$100) -> Electronics | K42: =_xlfn.XLOOKUP(E42,Employee_Targets!$A$2:$A$100,Employee_Targets!$B$2:$B$100) -> Retail | L42: =_xlfn.XLOOKUP(E42,Employee_Targets!$A$2:$A$100,Employee_Targets!$C$2:$C$100) -> 500000 | M42: =D42* I42 -> 350000 | N42: =IF(M42>=L42,"Achieved","Not Achieved") -> Not Achieved
A43: 2024-02-11 | B43: Ali Musa | C43: P104 | D43: 2 | E43: Henry | F43: Pending | G43: =PROPER(TRIM(B43)) -> Ali Musa | H43: =PROPER(TRIM(E43)) -> Henry | I43: =_xlfn.XLOOKUP(C43,Product_List!$A$2:$A$100,Product_List!$C$2:$C$100) -> 90000 | J43: =_xlfn.XLOOKUP(C43,Product_List!$A$2:$A$100,Product_List!$D$2:$D$100) -> Electronics | K43: =_xlfn.XLOOKUP(E43,Employee_Targets!$A$2:$A$100,Employee_Targets!$B$2:$B$100) -> #N/A | L43: =_xlfn.XLOOKUP(E43,Employee_Targets!$A$2:$A$100,Employee_Targets!$C$2:$C$100) -> #N/A | M43: =D43* I43 -> 180000 | N43: =IF(M43>=L43,"Achieved","Not Achieved") -> #N/A
A44: 2024-02-12 | B44: Mary Okon | C44: P101 | D44: 2 | E44: Samuel | F44: pending | G44: =PROPER(TRIM(B44)) -> Mary Okon | H44: =PROPER(TRIM(E44)) -> Samuel | I44: =_xlfn.XLOOKUP(C44,Product_List!$A$2:$A$100,Product_List!$C$2:$C$100) -> 350000 | J44: =_xlfn.XLOOKUP(C44,Product_List!$A$2:$A$100,Product_List!$D$2:$D$100) -> Electronics | K44: =_xlfn.XLOOKUP(E44,Employee_Targets!$A$2:$A$100,Employee_Targets!$B$2:$B$100) -> Retail | L44: =_xlfn.XLOOKUP(E44,Employee_Targets!$A$2:$A$100,Employee_Targets!$C$2:$C$100) -> 500000 | M44: =D44* I44 -> 700000 | N44: =IF(M44>=L44,"Achieved","Not Achieved") -> Achieved
A45: 2024-02-13 | B45: Uknown Customer | C45: P104 | D45: 4 | E45: Samuel | F45: Returned | G45: =PROPER(TRIM(B45)) -> Uknown Customer | H45: =PROPER(TRIM(E45)) -> Samuel | I45: =_xlfn.XLOOKUP(C45,Product_List!$A$2:$A$100,Product_List!$C$2:$C$100) -> 90000 | J45: =_xlfn.XLOOKUP(C45,Product_List!$A$2:$A$100,Product_List!$D$2:$D$100) -> Electronics | K45: =_xlfn.XLOOKUP(E45,Employee_Targets!$A$2:$A$100,Employee_Targets!$B$2:$B$100) -> Retail | L45: =_xlfn.XLOOKUP(E45,Employee_Targets!$A$2:$A$100,Employee_Targets!$C$2:$C$100) -> 500000 | M45: =D45* I45 -> 360000 | N45: =IF(M45>=L45,"Achieved","Not Achieved") -> Not Achieved
A46: 2024-02-14 | B46: Amina Bello | C46: P102 | D46: Average | E46: Emma | F46: Delivered | G46: =PROPER(TRIM(B46)) -> Amina Bello | H46: =PROPER(TRIM(E46)) -> Emma | I46: =_xlfn.XLOOKUP(C46,Product_List!$A$2:$A$100,Product_List!$C$2:$C$100) -> 15000 | J46: =_xlfn.XLOOKUP(C46,Product_List!$A$2:$A$100,Product_List!$D$2:$D$100) -> Accessories | K46: =_xlfn.XLOOKUP(E46,Employee_Targets!$A$2:$A$100,Employee_Targets!$B$2:$B$100) -> Retail | L46: =_xlfn.XLOOKUP(E46,Employee_Targets!$A$2:$A$100,Employee_Targets!$C$2:$C$100) -> 200000 | M46: =D46* I46 -> #VALUE! | N46: =IF(M46>=L46,"Achieved","Not Achieved") -> #VALUE!
A47: 2024-02-15 | B47: Amina Bello | C47: P101 | D47: 5 | E47: Samuel | F47: Returned | G47: =PROPER(TRIM(B47)) -> Amina Bello | H47: =PROPER(TRIM(E47)) -> Samuel | I47: =_xlfn.XLOOKUP(C47,Product_List!$A$2:$A$100,Product_List!$C$2:$C$100) -> 350000 | J47: =_xlfn.XLOOKUP(C47,Product_List!$A$2:$A$100,Product_List!$D$2:$D$100) -> Electronics | K47: =_xlfn.XLOOKUP(E47,Employee_Targets!$A$2:$A$100,Employee_Targets!$B$2:$B$100) -> Retail | L47: =_xlfn.XLOOKUP(E47,Employee_Targets!$A$2:$A$100,Employee_Targets!$C$2:$C$100) -> 500000 | M47: =D47* I47 -> 1750000 | N47: =IF(M47>=L47,"Achieved","Not Achieved") -> Achieved
A48: 2024-02-16 | B48: Uknown Customer | C48: P105 | D48: 1 | E48: Samuel | F48: pending | G48: =PROPER(TRIM(B48)) -> Uknown Customer | H48: =PROPER(TRIM(E48)) -> Samuel | I48: =_xlfn.XLOOKUP(C48,Product_List!$A$2:$A$100,Product_List!$C$2:$C$100) -> 45000 | J48: =_xlfn.XLOOKUP(C48,Product_List!$A$2:$A$100,Product_List!$D$2:$D$100) -> Electronics | K48: =_xlfn.XLOOKUP(E48,Employee_Targets!$A$2:$A$100,Employee_Targets!$B$2:$B$100) -> Retail | L48: =_xlfn.XLOOKUP(E48,Employee_Targets!$A$2:$A$100,Employee_Targets!$C$2:$C$100) -> 500000 | M48: =D48* I48 -> 45000 | N48: =IF(M48>=L48,"Achieved","Not Achieved") -> Not Achieved
A49: 2024-02-17 | B49: Ali Musa | D49: 1 | E49: Samuel | F49: pending | G49: =PROPER(TRIM(B49)) -> Ali Musa | H49: =PROPER(TRIM(E49)) -> Samuel | I49: =_xlfn.XLOOKUP(C49,Product_List!$A$2:$A$100,Product_List!$C$2:$C$100) -> 0 | J49: =_xlfn.XLOOKUP(C49,Product_List!$A$2:$A$100,Product_List!$D$2:$D$100) -> 0 | K49: =_xlfn.XLOOKUP(E49,Employee_Targets!$A$2:$A$100,Employee_Targets!$B$2:$B$100) -> Retail | L49: =_xlfn.XLOOKUP(E49,Employee_Targets!$A$2:$A$100,Employee_Targets!$C$2:$C$100) -> 500000 | M49: =D49* I49 -> 0 | N49: =IF(M49>=L49,"Achieved","Not Achieved") -> Not Achieved
A50: 2024-02-18 | B50: Grace | C50: P103 | D50: 3 | E50: Emma | F50: pending | G50: =PROPER(TRIM(B50)) -> Grace | H50: =PROPER(TRIM(E50)) -> Emma | I50: =_xlfn.XLOOKUP(C50,Product_List!$A$2:$A$100,Product_List!$C$2:$C$100) -> 5000 | J50: =_xlfn.XLOOKUP(C50,Product_List!$A$2:$A$100,Product_List!$D$2:$D$100) -> Accessories | K50: =_xlfn.XLOOKUP(E50,Employee_Targets!$A$2:$A$100,Employee_Targets!$B$2:$B$100) -> Retail | L50: =_xlfn.XLOOKUP(E50,Employee_Targets!$A$2:$A$100,Employee_Targets!$C$2:$C$100) -> 200000 | M50: =D50* I50 -> 15000 | N50: =IF(M50>=L50,"Achieved","Not Achieved") -> Not Achieved
A51: 2024-02-19 | B51: Grace | C51: P104 | D51: Average | E51: Emma | F51: Returned | G51: =PROPER(TRIM(B51)) -> Grace | H51: =PROPER(TRIM(E51)) -> Emma | I51: =_xlfn.XLOOKUP(C51,Product_List!$A$2:$A$100,Product_List!$C$2:$C$100) -> 90000 | J51: =_xlfn.XLOOKUP(C51,Product_List!$A$2:$A$100,Product_List!$D$2:$D$100) -> Electronics | K51: =_xlfn.XLOOKUP(E51,Employee_Targets!$A$2:$A$100,Employee_Targets!$B$2:$B$100) -> Retail | L51: =_xlfn.XLOOKUP(E51,Employee_Targets!$A$2:$A$100,Employee_Targets!$C$2:$C$100) -> 200000 | M51: =D51* I51 -> #VALUE! | N51: =IF(M51>=L51,"Achieved","Not Achieved") -> #VALUE!
A52: 2024-02-20 | B52: Ali Musa | C52: P105 | D52: 2 | E52: Henry | F52: pending | G52: =PROPER(TRIM(B52)) -> Ali Musa | H52: =PROPER(TRIM(E52)) -> Henry | I52: =_xlfn.XLOOKUP(C52,Product_List!$A$2:$A$100,Product_List!$C$2:$C$100) -> 45000 | J52: =_xlfn.XLOOKUP(C52,Product_List!$A$2:$A$100,Product_List!$D$2:$D$100) -> Electronics | K52: =_xlfn.XLOOKUP(E52,Employee_Targets!$A$2:$A$100,Employee_Targets!$B$2:$B$100) -> #N/A | L52: =_xlfn.XLOOKUP(E52,Employee_Targets!$A$2:$A$100,Employee_Targets!$C$2:$C$100) -> #N/A | M52: =D52* I52 -> 90000 | N52: =IF(M52>=L52,"Achieved","Not Achieved") -> #N/A
A53: 2024-02-21 | B53: Grace | C53: P103 | D53: 5 | E53: Henry | F53: Returned | G53: =PROPER(TRIM(B53)) -> Grace | H53: =PROPER(TRIM(E53)) -> Henry | I53: =_xlfn.XLOOKUP(C53,Product_List!$A$2:$A$100,Product_List!$C$2:$C$100) -> 5000 | J53: =_xlfn.XLOOKUP(C53,Product_List!$A$2:$A$100,Product_List!$D$2:$D$100) -> Accessories | K53: =_xlfn.XLOOKUP(E53,Employee_Targets!$A$2:$A$100,Employee_Targets!$B$2:$B$100) -> #N/A | L53: =_xlfn.XLOOKUP(E53,Employee_Targets!$A$2:$A$100,Employee_Targets!$C$2:$C$100) -> #N/A | M53: =D53* I53 -> 25000 | N53: =IF(M53>=L53,"Achieved","Not Achieved") -> #N/A
A54: 2024-02-22 | B54: Peter Yusuf | C54: P103 | D54: 4 | E54: Henry | F54: pending | G54: =PROPER(TRIM(B54)) -> Peter Yusuf | H54: =PROPER(TRIM(E54)) -> Henry | I54: =_xlfn.XLOOKUP(C54,Product_List!$A$2:$A$100,Product_List!$C$2:$C$100) -> 5000 | J54: =_xlfn.XLOOKUP(C54,Product_List!$A$2:$A$100,Product_List!$D$2:$D$100) -> Accessories | K54: =_xlfn.XLOOKUP(E54,Employee_Targets!$A$2:$A$100,Employee_Targets!$B$2:$B$100) -> #N/A | L54: =_xlfn.XLOOKUP(E54,Employee_Targets!$A$2:$A$100,Employee_Targets!$C$2:$C$100) -> #N/A | M54: =D54* I54 -> 20000 | N54: =IF(M54>=L54,"Achieved","Not Achieved") -> #N/A
A55: 2024-02-23 | B55: Amina Bello | C55: P101 | D55: 2 | E55: Henry | F55: Pending | G55: =PROPER(TRIM(B55)) -> Amina Bello | H55: =PROPER(TRIM(E55)) -> Henry | I55: =_xlfn.XLOOKUP(C55,Product_List!$A$2:$A$100,Product_List!$C$2:$C$100) -> 350000 | J55: =_xlfn.XLOOKUP(C55,Product_List!$A$2:$A$100,Product_List!$D$2:$D$100) -> Electronics | K55: =_xlfn.XLOOKUP(E55,Employee_Targets!$A$2:$A$100,Employee_Targets!$B$2:$B$100) -> #N/A | L55: =_xlfn.XLOOKUP(E55,Employee_Targets!$A$2:$A$100,Employee_Targets!$C$2:$C$100) -> #N/A | M55: =D55* I55 -> 700000 | N55: =IF(M55>=L55,"Achieved","Not Achieved") -> #N/A
A56: 2024-02-24 | B56: Ali Musa | C56: P103 | D56: Average | E56: Henry | F56: pending | G56: =PROPER(TRIM(B56)) -> Ali Musa | H56: =PROPER(TRIM(E56)) -> Henry | I56: =_xlfn.XLOOKUP(C56,Product_List!$A$2:$A$100,Product_List!$C$2:$C$100) -> 5000 | J56: =_xlfn.XLOOKUP(C56,Product_List!$A$2:$A$100,Product_List!$D$2:$D$100) -> Accessories | K56: =_xlfn.XLOOKUP(E56,Employee_Targets!$A$2:$A$100,Employee_Targets!$B$2:$B$100) -> #N/A | L56: =_xlfn.XLOOKUP(E56,Employee_Targets!$A$2:$A$100,Employee_Targets!$C$2:$C$100) -> #N/A | M56: =D56* I56 -> #VALUE! | N56: =IF(M56>=L56,"Achieved","Not Achieved") -> #VALUE!
A57: 2024-02-25 | B57: Amina Bello | D57: 4 | E57: Henry | F57: Returned | G57: =PROPER(TRIM(B57)) -> Amina Bello | H57: =PROPER(TRIM(E57)) -> Henry | I57: =_xlfn.XLOOKUP(C57,Product_List!$A$2:$A$100,Product_List!$C$2:$C$100) -> 0 | J57: =_xlfn.XLOOKUP(C57,Product_List!$A$2:$A$100,Product_List!$D$2:$D$100) -> 0 | K57: =_xlfn.XLOOKUP(E57,Employee_Targets!$A$2:$A$100,Employee_Targets!$B$2:$B$100) -> #N/A | L57: =_xlfn.XLOOKUP(E57,Employee_Targets!$A$2:$A$100,Employee_Targets!$C$2:$C$100) -> #N/A | M57: =D57* I57 -> 0 | N57: =IF(M57>=L57,"Achieved","Not Achieved") -> #N/A
A58: 2024-02-26 | B58: Uknown Customer | C58: P105 | D58: 3 | E58: Samuel | F58: pending | G58: =PROPER(TRIM(B58)) -> Uknown Customer | H58: =PROPER(TRIM(E58)) -> Samuel | I58: =_xlfn.XLOOKUP(C58,Product_List!$A$2:$A$100,Product_List!$C$2:$C$100) -> 45000 | J58: =_xlfn.XLOOKUP(C58,Product_List!$A$2:$A$100,Product_List!$D$2:$D$100) -> Electronics | K58: =_xlfn.XLOOKUP(E58,Employee_Targets!$A$2:$A$100,Employee_Targets!$B$2:$B$100) -> Retail | L58: =_xlfn.XLOOKUP(E58,Employee_Targets!$A$2:$A$100,Employee_Targets!$C$2:$C$100) -> 500000 | M58: =D58* I58 -> 135000 | N58: =IF(M58>=L58,"Achieved","Not Achieved") -> Not Achieved
A59: 2024-02-27 | B59: John Ade | C59: P103 | D59: 3 | E59: Emma | F59: pending | G59: =PROPER(TRIM(B59)) -> John Ade | H59: =PROPER(TRIM(E59)) -> Emma | I59: =_xlfn.XLOOKUP(C59,Product_List!$A$2:$A$100,Product_List!$C$2:$C$100) -> 5000 | J59: =_xlfn.XLOOKUP(C59,Product_List!$A$2:$A$100,Product_List!$D$2:$D$100) -> Accessories | K59: =_xlfn.XLOOKUP(E59,Employee_Targets!$A$2:$A$100,Employee_Targets!$B$2:$B$100) -> Retail | L59: =_xlfn.XLOOKUP(E59,Employee_Targets!$A$2:$A$100,Employee_Targets!$C$2:$C$100) -> 200000 | M59: =D59* I59 -> 15000 | N59: =IF(M59>=L59,"Achieved","Not Achieved") -> Not Achieved
A60: 2024-02-28 | B60: Peter Yusuf | C60: P101 | D60: 1 | E60: Henry | F60: pending | G60: =PROPER(TRIM(B60)) -> Peter Yusuf | H60: =PROPER(TRIM(E60)) -> Henry | I60: =_xlfn.XLOOKUP(C60,Product_List!$A$2:$A$100,Product_List!$C$2:$C$100) -> 350000 | J60: =_xlfn.XLOOKUP(C60,Product_List!$A$2:$A$100,Product_List!$D$2:$D$100) -> Electronics | K60: =_xlfn.XLOOKUP(E60,Employee_Targets!$A$2:$A$100,Employee_Targets!$B$2:$B$100) -> #N/A | L60: =_xlfn.XLOOKUP(E60,Employee_Targets!$A$2:$A$100,Employee_Targets!$C$2:$C$100) -> #N/A | M60: =D60* I60 -> 350000 | N60: =IF(M60>=L60,"Achieved","Not Achieved") -> #N/A
A61: 2024-02-29 | B61: Uknown Customer | D61: Average | E61: Emma | F61: Pending | G61: =PROPER(TRIM(B61)) -> Uknown Customer | H61: =PROPER(TRIM(E61)) -> Emma | I61: =_xlfn.XLOOKUP(C61,Product_List!$A$2:$A$100,Product_List!$C$2:$C$100) -> 0 | J61: =_xlfn.XLOOKUP(C61,Product_List!$A$2:$A$100,Product_List!$D$2:$D$100) -> 0 | K61: =_xlfn.XLOOKUP(E61,Employee_Targets!$A$2:$A$100,Employee_Targets!$B$2:$B$100) -> Retail | L61: =_xlfn.XLOOKUP(E61,Employee_Targets!$A$2:$A$100,Employee_Targets!$C$2:$C$100) -> 200000 | M61: =D61* I61 -> #VALUE! | N61: =IF(M61>=L61,"Achieved","Not Achieved") -> #VALUE!
A62: 2024-03-01 | B62: Peter Yusuf | C62: P102 | D62: 5 | E62: Emma | F62: Delivered | G62: =PROPER(TRIM(B62)) -> Peter Yusuf | H62: =PROPER(TRIM(E62)) -> Emma | I62: =_xlfn.XLOOKUP(C62,Product_List!$A$2:$A$100,Product_List!$C$2:$C$100) -> 15000 | J62: =_xlfn.XLOOKUP(C62,Product_List!$A$2:$A$100,Product_List!$D$2:$D$100) -> Accessories | K62: =_xlfn.XLOOKUP(E62,Employee_Targets!$A$2:$A$100,Employee_Targets!$B$2:$B$100) -> Retail | L62: =_xlfn.XLOOKUP(E62,Employee_Targets!$A$2:$A$100,Employee_Targets!$C$2:$C$100) -> 200000 | M62: =D62* I62 -> 75000 | N62: =IF(M62>=L62,"Achieved","Not Achieved") -> Not Achieved
A63: 2024-03-02 | B63: Ali Musa | C63: P105 | D63: 4 | E63: Joy | F63: Pending | G63: =PROPER(TRIM(B63)) -> Ali Musa | H63: =PROPER(TRIM(E63)) -> Joy | I63: =_xlfn.XLOOKUP(C63,Product_List!$A$2:$A$100,Product_List!$C$2:$C$100) -> 45000 | J63: =_xlfn.XLOOKUP(C63,Product_List!$A$2:$A$100,Product_List!$D$2:$D$100) -> Electronics | K63: =_xlfn.XLOOKUP(E63,Employee_Targets!$A$2:$A$100,Employee_Targets!$B$2:$B$100) -> Corporate | L63: =_xlfn.XLOOKUP(E63,Employee_Targets!$A$2:$A$100,Employee_Targets!$C$2:$C$100) -> 350000 | M63: =D63* I63 -> 180000 | N63: =IF(M63>=L63,"Achieved","Not Achieved") -> Not Achieved
A64: 2024-03-03 | B64: Uknown Customer | C64: P103 | D64: 2 | E64: Samuel | F64: pending | G64: =PROPER(TRIM(B64)) -> Uknown Customer | H64: =PROPER(TRIM(E64)) -> Samuel | I64: =_xlfn.XLOOKUP(C64,Product_List!$A$2:$A$100,Product_List!$C$2:$C$100) -> 5000 | J64: =_xlfn.XLOOKUP(C64,Product_List!$A$2:$A$100,Product_List!$D$2:$D$100) -> Accessories | K64: =_xlfn.XLOOKUP(E64,Employee_Targets!$A$2:$A$100,Employee_Targets!$B$2:$B$100) -> Retail | L64: =_xlfn.XLOOKUP(E64,Employee_Targets!$A$2:$A$100,Employee_Targets!$C$2:$C$100) -> 500000 | M64: =D64* I64 -> 10000 | N64: =IF(M64>=L64,"Achieved","Not Achieved") -> Not Achieved
A65: 2024-03-04 | B65: John Ade | C65: P101 | D65: Average | E65: Henry | F65: pending | G65: =PROPER(TRIM(B65)) -> John Ade | H65: =PROPER(TRIM(E65)) -> Henry | I65: =_xlfn.XLOOKUP(C65,Product_List!$A$2:$A$100,Product_List!$C$2:$C$100) -> 350000 | J65: =_xlfn.XLOOKUP(C65,Product_List!$A$2:$A$100,Product_List!$D$2:$D$100) -> Electronics | K65: =_xlfn.XLOOKUP(E65,Employee_Targets!$A$2:$A$100,Employee_Targets!$B$2:$B$100) -> #N/A | L65: =_xlfn.XLOOKUP(E65,Employee_Targets!$A$2:$A$100,Employee_Targets!$C$2:$C$100) -> #N/A | M65: =D65* I65 -> #VALUE! | N65: =IF(M65>=L65,"Achieved","Not Achieved") -> #VALUE!
A66: 2024-03-05 | B66: Ali Musa | C66: P102 | D66: Average | E66: Samuel | F66: pending | G66: =PROPER(TRIM(B66)) -> Ali Musa | H66: =PROPER(TRIM(E66)) -> Samuel | I66: =_xlfn.XLOOKUP(C66,Product_List!$A$2:$A$100,Product_List!$C$2:$C$100) -> 15000 | J66: =_xlfn.XLOOKUP(C66,Product_List!$A$2:$A$100,Product_List!$D$2:$D$100) -> Accessories | K66: =_xlfn.XLOOKUP(E66,Employee_Targets!$A$2:$A$100,Employee_Targets!$B$2:$B$100) -> Retail | L66: =_xlfn.XLOOKUP(E66,Employee_Targets!$A$2:$A$100,Employee_Targets!$C$2:$C$100) -> 500000 | M66: =D66* I66 -> #VALUE! | N66: =IF(M66>=L66,"Achieved","Not Achieved") -> #VALUE!
A67: 2024-03-06 | B67: Mary Okon | C67: P102 | D67: 3 | E67: Samuel | F67: Returned | G67: =PROPER(TRIM(B67)) -> Mary Okon | H67: =PROPER(TRIM(E67)) -> Samuel | I67: =_xlfn.XLOOKUP(C67,Product_List!$A$2:$A$100,Product_List!$C$2:$C$100) -> 15000 | J67: =_xlfn.XLOOKUP(C67,Product_List!$A$2:$A$100,Product_List!$D$2:$D$100) -> Accessories | K67: =_xlfn.XLOOKUP(E67,Employee_Targets!$A$2:$A$100,Employee_Targets!$B$2:$B$100) -> Retail | L67: =_xlfn.XLOOKUP(E67,Employee_Targets!$A$2:$A$100,Employee_Targets!$C$2:$C$100) -> 500000 | M67: =D67* I67 -> 45000 | N67: =IF(M67>=L67,"Achieved","Not Achieved") -> Not Achieved
A68: 2024-03-07 | B68: Amina Bello | C68: P104 | D68: 1 | E68: Samuel | F68: pending | G68: =PROPER(TRIM(B68)) -> Amina Bello | H68: =PROPER(TRIM(E68)) -> Samuel | I68: =_xlfn.XLOOKUP(C68,Product_List!$A$2:$A$100,Product_List!$C$2:$C$100) -> 90000 | J68: =_xlfn.XLOOKUP(C68,Product_List!$A$2:$A$100,Product_List!$D$2:$D$100) -> Electronics | K68: =_xlfn.XLOOKUP(E68,Employee_Targets!$A$2:$A$100,Employee_Targets!$B$2:$B$100) -> Retail | L68: =_xlfn.XLOOKUP(E68,Employee_Targets!$A$2:$A$100,Employee_Targets!$C$2:$C$100) -> 500000 | M68: =D68* I68 -> 90000 | N68: =IF(M68>=L68,"Achieved","Not Achieved") -> Not Achieved
A69: 2024-03-08 | B69: John Ade | D69: 1 | E69: Samuel | F69: Returned | G69: =PROPER(TRIM(B69)) -> John Ade | H69: =PROPER(TRIM(E69)) -> Samuel | I69: =_xlfn.XLOOKUP(C69,Product_List!$A$2:$A$100,Product_List!$C$2:$C$100) -> 0 | J69: =_xlfn.XLOOKUP(C69,Product_List!$A$2:$A$100,Product_List!$D$2:$D$100) -> 0 | K69: =_xlfn.XLOOKUP(E69,Employee_Targets!$A$2:$A$100,Employee_Targets!$B$2:$B$100) -> Retail | L69: =_xlfn.XLOOKUP(E69,Employee_Targets!$A$2:$A$100,Employee_Targets!$C$2:$C$100) -> 500000 | M69: =D69* I69 -> 0 | N69: =IF(M69>=L69,"Achieved","Not Achieved") -> Not Achieved
A70: 2024-03-09 | B70: Amina Bello | C70: P103 | D70: 4 | E70: Samuel | F70: Delivered | G70: =PROPER(TRIM(B70)) -> Amina Bello | H70: =PROPER(TRIM(E70)) -> Samuel | I70: =_xlfn.XLOOKUP(C70,Product_List!$A$2:$A$100,Product_List!$C$2:$C$100) -> 5000 | J70: =_xlfn.XLOOKUP(C70,Product_List!$A$2:$A$100,Product_List!$D$2:$D$100) -> Accessories | K70: =_xlfn.XLOOKUP(E70,Employee_Targets!$A$2:$A$100,Employee_Targets!$B$2:$B$100) -> Retail | L70: =_xlfn.XLOOKUP(E70,Employee_Targets!$A$2:$A$100,Employee_Targets!$C$2:$C$100) -> 500000 | M70: =D70* I70 -> 20000 | N70: =IF(M70>=L70,"Achieved","Not Achieved") -> Not Achieved
A71: 2024-03-10 | B71: Grace | C71: P101 | D71: 3 | E71: Samuel | F71: pending | G71: =PROPER(TRIM(B71)) -> Grace | H71: =PROPER(TRIM(E71)) -> Samuel | I71: =_xlfn.XLOOKUP(C71,Product_List!$A$2:$A$100,Product_List!$C$2:$C$100) -> 350000 | J71: =_xlfn.XLOOKUP(C71,Product_List!$A$2:$A$100,Product_List!$D$2:$D$100) -> Electronics | K71: =_xlfn.XLOOKUP(E71,Employee_Targets!$A$2:$A$100,Employee_Targets!$B$2:$B$100) -> Retail | L71: =_xlfn.XLOOKUP(E71,Employee_Targets!$A$2:$A$100,Employee_Targets!$C$2:$C$100) -> 500000 | M71: =D71* I71 -> 1050000 | N71: =IF(M71>=L71,"Achieved","Not Achieved") -> Achieved
A72: 2024-03-11 | B72: Mary Okon | C72: P104 | D72: Average | E72: Emma | F72: Returned | G72: =PROPER(TRIM(B72)) -> Mary Okon | H72: =PROPER(TRIM(E72)) -> Emma | I72: =_xlfn.XLOOKUP(C72,Product_List!$A$2:$A$100,Product_List!$C$2:$C$100) -> 90000 | J72: =_xlfn.XLOOKUP(C72,Product_List!$A$2:$A$100,Product_List!$D$2:$D$100) -> Electronics | K72: =_xlfn.XLOOKUP(E72,Employee_Targets!$A$2:$A$100,Employee_Targets!$B$2:$B$100) -> Retail | L72: =_xlfn.XLOOKUP(E72,Employee_Targets!$A$2:$A$100,Employee_Targets!$C$2:$C$100) -> 200000 | M72: =D72* I72 -> #VALUE! | N72: =IF(M72>=L72,"Achieved","Not Achieved") -> #VALUE!
A73: 2024-03-12 | B73: Mary Okon | D73: 5 | E73: Samuel | F73: Delivered | G73: =PROPER(TRIM(B73)) -> Mary Okon | H73: =PROPER(TRIM(E73)) -> Samuel | I73: =_xlfn.XLOOKUP(C73,Product_List!$A$2:$A$100,Product_List!$C$2:$C$100) -> 0 | J73: =_xlfn.XLOOKUP(C73,Product_List!$A$2:$A$100,Product_List!$D$2:$D$100) -> 0 | K73: =_xlfn.XLOOKUP(E73,Employee_Targets!$A$2:$A$100,Employee_Targets!$B$2:$B$100) -> Retail | L73: =_xlfn.XLOOKUP(E73,Employee_Targets!$A$2:$A$100,Employee_Targets!$C$2:$C$100) -> 500000 | M73: =D73* I73 -> 0 | N73: =IF(M73>=L73,"Achieved","Not Achieved") -> Not Achieved
A74: 2024-03-13 | B74: John Ade | C74: P104 | D74: 3 | E74: Emma | F74: pending | G74: =PROPER(TRIM(B74)) -> John Ade | H74: =PROPER(TRIM(E74)) -> Emma | I74: =_xlfn.XLOOKUP(C74,Product_List!$A$2:$A$100,Product_List!$C$2:$C$100) -> 90000 | J74: =_xlfn.XLOOKUP(C74,Product_List!$A$2:$A$100,Product_List!$D$2:$D$100) -> Electronics | K74: =_xlfn.XLOOKUP(E74,Employee_Targets!$A$2:$A$100,Employee_Targets!$B$2:$B$100) -> Retail | L74: =_xlfn.XLOOKUP(E74,Employee_Targets!$A$2:$A$100,Employee_Targets!$C$2:$C$100) -> 200000 | M74: =D74* I74 -> 270000 | N74: =IF(M74>=L74,"Achieved","Not Achieved") -> Achieved
A75: 2024-03-14 | B75: Mary Okon | C75: P105 | D75: 4 | E75: Samuel | F75: pending | G75: =PROPER(TRIM(B75)) -> Mary Okon | H75: =PROPER(TRIM(E75)) -> Samuel | I75: =_xlfn.XLOOKUP(C75,Product_List!$A$2:$A$100,Product_List!$C$2:$C$100) -> 45000 | J75: =_xlfn.XLOOKUP(C75,Product_List!$A$2:$A$100,Product_List!$D$2:$D$100) -> Electronics | K75: =_xlfn.XLOOKUP(E75,Employee_Targets!$A$2:$A$100,Employee_Targets!$B$2:$B$100) -> Retail | L75: =_xlfn.XLOOKUP(E75,Employee_Targets!$A$2:$A$100,Employee_Targets!$C$2:$C$100) -> 500000 | M75: =D75* I75 -> 180000 | N75: =IF(M75>=L75,"Achieved","Not Achieved") -> Not Achieved
A76: 2024-03-15 | B76: Uknown Customer | D76: 4 | E76: Samuel | F76: Delivered | G76: =PROPER(TRIM(B76)) -> Uknown Customer | H76: =PROPER(TRIM(E76)) -> Samuel | I76: =_xlfn.XLOOKUP(C76,Product_List!$A$2:$A$100,Product_List!$C$2:$C$100) -> 0 | J76: =_xlfn.XLOOKUP(C76,Product_List!$A$2:$A$100,Product_List!$D$2:$D$100) -> 0 | K76: =_xlfn.XLOOKUP(E76,Employee_Targets!$A$2:$A$100,Employee_Targets!$B$2:$B$100) -> Retail | L76: =_xlfn.XLOOKUP(E76,Employee_Targets!$A$2:$A$100,Employee_Targets!$C$2:$C$100) -> 500000 | M76: =D76* I76 -> 0 | N76: =IF(M76>=L76,"Achieved","Not Achieved") -> Not Achieved
A77: 2024-03-16 | B77: Mary Okon | D77: 3 | E77: Samuel | F77: pending | G77: =PROPER(TRIM(B77)) -> Mary Okon | H77: =PROPER(TRIM(E77)) -> Samuel | I77: =_xlfn.XLOOKUP(C77,Product_List!$A$2:$A$100,Product_List!$C$2:$C$100) -> 0 | J77: =_xlfn.XLOOKUP(C77,Product_List!$A$2:$A$100,Product_List!$D$2:$D$100) -> 0 | K77: =_xlfn.XLOOKUP(E77,Employee_Targets!$A$2:$A$100,Employee_Targets!$B$2:$B$100) -> Retail | L77: =_xlfn.XLOOKUP(E77,Employee_Targets!$A$2:$A$100,Employee_Targets!$C$2:$C$100) -> 500000 | M77: =D77* I77 -> 0 | N77: =IF(M77>=L77,"Achieved","Not Achieved") -> Not Achieved
A78: 2024-03-17 | B78: Amina Bello | C78: P103 | D78: 4 | E78: Samuel | F78: Delivered | G78: =PROPER(TRIM(B78)) -> Amina Bello | H78: =PROPER(TRIM(E78)) -> Samuel | I78: =_xlfn.XLOOKUP(C78,Product_List!$A$2:$A$100,Product_List!$C$2:$C$100) -> 5000 | J78: =_xlfn.XLOOKUP(C78,Product_List!$A$2:$A$100,Product_List!$D$2:$D$100) -> Accessories | K78: =_xlfn.XLOOKUP(E78,Employee_Targets!$A$2:$A$100,Employee_Targets!$B$2:$B$100) -> Retail | L78: =_xlfn.XLOOKUP(E78,Employee_Targets!$A$2:$A$100,Employee_Targets!$C$2:$C$100) -> 500000 | M78: =D78* I78 -> 20000 | N78: =IF(M78>=L78,"Achieved","Not Achieved") -> Not Achieved
A79: 2024-03-18 | B79: Amina Bello | D79: 3 | E79: Henry | F79: Returned | G79: =PROPER(TRIM(B79)) -> Amina Bello | H79: =PROPER(TRIM(E79)) -> Henry | I79: =_xlfn.XLOOKUP(C79,Product_List!$A$2:$A$100,Product_List!$C$2:$C$100) -> 0 | J79: =_xlfn.XLOOKUP(C79,Product_List!$A$2:$A$100,Product_List!$D$2:$D$100) -> 0 | K79: =_xlfn.XLOOKUP(E79,Employee_Targets!$A$2:$A$100,Employee_Targets!$B$2:$B$100) -> #N/A | L79: =_xlfn.XLOOKUP(E79,Employee_Targets!$A$2:$A$100,Employee_Targets!$C$2:$C$100) -> #N/A | M79: =D79* I79 -> 0 | N79: =IF(M79>=L79,"Achieved","Not Achieved") -> #N/A
A80: 2024-03-19 | B80: Ali Musa | C80: P104 | D80: 2 | E80: Samuel | F80: Returned | G80: =PROPER(TRIM(B80)) -> Ali Musa | H80: =PROPER(TRIM(E80)) -> Samuel | I80: =_xlfn.XLOOKUP(C80,Product_List!$A$2:$A$100,Product_List!$C$2:$C$100) -> 90000 | J80: =_xlfn.XLOOKUP(C80,Product_List!$A$2:$A$100,Product_List!$D$2:$D$100) -> Electronics | K80: =_xlfn.XLOOKUP(E80,Employee_Targets!$A$2:$A$100,Employee_Targets!$B$2:$B$100) -> Retail | L80: =_xlfn.XLOOKUP(E80,Employee_Targets!$A$2:$A$100,Employee_Targets!$C$2:$C$100) -> 500000 | M80: =D80* I80 -> 180000 | N80: =IF(M80>=L80,"Achieved","Not Achieved") -> Not Achieved
A81: 2024-03-20 | B81: Amina Bello | D81: 3 | E81: Henry | F81: Delivered | G81: =PROPER(TRIM(B81)) -> Amina Bello | H81: =PROPER(TRIM(E81)) -> Henry | I81: =_xlfn.XLOOKUP(C81,Product_List!$A$2:$A$100,Product_List!$C$2:$C$100) -> 0 | J81: =_xlfn.XLOOKUP(C81,Product_List!$A$2:$A$100,Product_List!$D$2:$D$100) -> 0 | K81: =_xlfn.XLOOKUP(E81,Employee_Targets!$A$2:$A$100,Employee_Targets!$B$2:$B$100) -> #N/A | L81: =_xlfn.XLOOKUP(E81,Employee_Targets!$A$2:$A$100,Employee_Targets!$C$2:$C$100) -> #N/A | M81: =D81* I81 -> 0 | N81: =IF(M81>=L81,"Achieved","Not Achieved") -> #N/A
A82: 2024-03-21 | B82: Ali Musa | C82: P103 | D82: 3 | E82: Samuel | F82: Returned | G82: =PROPER(TRIM(B82)) -> Ali Musa | H82: =PROPER(TRIM(E82)) -> Samuel | I82: =_xlfn.XLOOKUP(C82,Product_List!$A$2:$A$100,Product_List!$C$2:$C$100) -> 5000 | J82: =_xlfn.XLOOKUP(C82,Product_List!$A$2:$A$100,Product_List!$D$2:$D$100) -> Accessories | K82: =_xlfn.XLOOKUP(E82,Employee_Targets!$A$2:$A$100,Employee_Targets!$B$2:$B$100) -> Retail | L82: =_xlfn.XLOOKUP(E82,Employee_Targets!$A$2:$A$100,Employee_Targets!$C$2:$C$100) -> 500000 | M82: =D82* I82 -> 15000 | N82: =IF(M82>=L82,"Achieved","Not Achieved") -> Not Achieved
A83: 2024-03-22 | B83: Amina Bello | C83: P103 | D83: 4 | E83: Henry | F83: Returned | G83: =PROPER(TRIM(B83)) -> Amina Bello | H83: =PROPER(TRIM(E83)) -> Henry | I83: =_xlfn.XLOOKUP(C83,Product_List!$A$2:$A$100,Product_List!$C$2:$C$100) -> 5000 | J83: =_xlfn.XLOOKUP(C83,Product_List!$A$2:$A$100,Product_List!$D$2:$D$100) -> Accessories | K83: =_xlfn.XLOOKUP(E83,Employee_Targets!$A$2:$A$100,Employee_Targets!$B$2:$B$100) -> #N/A | L83: =_xlfn.XLOOKUP(E83,Employee_Targets!$A$2:$A$100,Employee_Targets!$C$2:$C$100) -> #N/A | M83: =D83* I83 -> 20000 | N83: =IF(M83>=L83,"Achieved","Not Achieved") -> #N/A
A84: 2024-03-23 | B84: Uknown Customer | C84: P105 | D84: 4 | E84: Emma | F84: Returned | G84: =PROPER(TRIM(B84)) -> Uknown Customer | H84: =PROPER(TRIM(E84)) -> Emma | I84: =_xlfn.XLOOKUP(C84,Product_List!$A$2:$A$100,Product_List!$C$2:$C$100) -> 45000 | J84: =_xlfn.XLOOKUP(C84,Product_List!$A$2:$A$100,Product_List!$D$2:$D$100) -> Electronics | K84: =_xlfn.XLOOKUP(E84,Employee_Targets!$A$2:$A$100,Employee_Targets!$B$2:$B$100) -> Retail | L84: =_xlfn.XLOOKUP(E84,Employee_Targets!$A$2:$A$100,Employee_Targets!$C$2:$C$100) -> 200000 | M84: =D84* I84 -> 180000 | N84: =IF(M84>=L84,"Achieved","Not Achieved") -> Not Achieved
A85: 2024-03-24 | B85: Uknown Customer | C85: P104 | D85: 1 | E85: Samuel | F85: Pending | G85: =PROPER(TRIM(B85)) -> Uknown Customer | H85: =PROPER(TRIM(E85)) -> Samuel | I85: =_xlfn.XLOOKUP(C85,Product_List!$A$2:$A$100,Product_List!$C$2:$C$100) -> 90000 | J85: =_xlfn.XLOOKUP(C85,Product_List!$A$2:$A$100,Product_List!$D$2:$D$100) -> Electronics | K85: =_xlfn.XLOOKUP(E85,Employee_Targets!$A$2:$A$100,Employee_Targets!$B$2:$B$100) -> Retail | L85: =_xlfn.XLOOKUP(E85,Employee_Targets!$A$2:$A$100,Employee_Targets!$C$2:$C$100) -> 500000 | M85: =D85* I85 -> 90000 | N85: =IF(M85>=L85,"Achieved","Not Achieved") -> Not Achieved
A86: 2024-03-25 | B86: Ali Musa | C86: P102 | D86: 1 | E86: Samuel | F86: pending | G86: =PROPER(TRIM(B86)) -> Ali Musa | H86: =PROPER(TRIM(E86)) -> Samuel | I86: =_xlfn.XLOOKUP(C86,Product_List!$A$2:$A$100,Product_List!$C$2:$C$100) -> 15000 | J86: =_xlfn.XLOOKUP(C86,Product_List!$A$2:$A$100,Product_List!$D$2:$D$100) -> Accessories | K86: =_xlfn.XLOOKUP(E86,Employee_Targets!$A$2:$A$100,Employee_Targets!$B$2:$B$100) -> Retail | L86: =_xlfn.XLOOKUP(E86,Employee_Targets!$A$2:$A$100,Employee_Targets!$C$2:$C$100) -> 500000 | M86: =D86* I86 -> 15000 | N86: =IF(M86>=L86,"Achieved","Not Achieved") -> Not Achieved
A87: 2024-03-26 | B87: Peter Yusuf | C87: P102 | D87: 2 | E87: Samuel | F87: pending | G87: =PROPER(TRIM(B87)) -> Peter Yusuf | H87: =PROPER(TRIM(E87)) -> Samuel | I87: =_xlfn.XLOOKUP(C87,Product_List!$A$2:$A$100,Product_List!$C$2:$C$100) -> 15000 | J87: =_xlfn.XLOOKUP(C87,Product_List!$A$2:$A$100,Product_List!$D$2:$D$100) -> Accessories | K87: =_xlfn.XLOOKUP(E87,Employee_Targets!$A$2:$A$100,Employee_Targets!$B$2:$B$100) -> Retail | L87: =_xlfn.XLOOKUP(E87,Employee_Targets!$A$2:$A$100,Employee_Targets!$C$2:$C$100) -> 500000 | M87: =D87* I87 -> 30000 | N87: =IF(M87>=L87,"Achieved","Not Achieved") -> Not Achieved
A88: 2024-03-27 | B88: Grace | D88: 1 | E88: Samuel | F88: Pending | G88: =PROPER(TRIM(B88)) -> Grace | H88: =PROPER(TRIM(E88)) -> Samuel | I88: =_xlfn.XLOOKUP(C88,Product_List!$A$2:$A$100,Product_List!$C$2:$C$100) -> 0 | J88: =_xlfn.XLOOKUP(C88,Product_List!$A$2:$A$100,Product_List!$D$2:$D$100) -> 0 | K88: =_xlfn.XLOOKUP(E88,Employee_Targets!$A$2:$A$100,Employee_Targets!$B$2:$B$100) -> Retail | L88: =_xlfn.XLOOKUP(E88,Employee_Targets!$A$2:$A$100,Employee_Targets!$C$2:$C$100) -> 500000 | M88: =D88* I88 -> 0 | N88: =IF(M88>=L88,"Achieved","Not Achieved") -> Not Achieved
A89: 2024-03-28 | B89: John Ade | C89: P105 | D89: 3 | E89: Samuel | F89: pending | G89: =PROPER(TRIM(B89)) -> John Ade | H89: =PROPER(TRIM(E89)) -> Samuel | I89: =_xlfn.XLOOKUP(C89,Product_List!$A$2:$A$100,Product_List!$C$2:$C$100) -> 45000 | J89: =_xlfn.XLOOKUP(C89,Product_List!$A$2:$A$100,Product_List!$D$2:$D$100) -> Electronics | K89: =_xlfn.XLOOKUP(E89,Employee_Targets!$A$2:$A$100,Employee_Targets!$B$2:$B$100) -> Retail | L89: =_xlfn.XLOOKUP(E89,Employee_Targets!$A$2:$A$100,Employee_Targets!$C$2:$C$100) -> 500000 | M89: =D89* I89 -> 135000 | N89: =IF(M89>=L89,"Achieved","Not Achieved") -> Not Achieved
A90: 2024-03-29 | B90: Amina Bello | C90: P101 | D90: 4 | E90: Henry | F90: Delivered | G90: =PROPER(TRIM(B90)) -> Amina Bello | H90: =PROPER(TRIM(E90)) -> Henry | I90: =_xlfn.XLOOKUP(C90,Product_List!$A$2:$A$100,Product_List!$C$2:$C$100) -> 350000 | J90: =_xlfn.XLOOKUP(C90,Product_List!$A$2:$A$100,Product_List!$D$2:$D$100) -> Electronics | K90: =_xlfn.XLOOKUP(E90,Employee_Targets!$A$2:$A$100,Employee_Targets!$B$2:$B$100) -> #N/A | L90: =_xlfn.XLOOKUP(E90,Employee_Targets!$A$2:$A$100,Employee_Targets!$C$2:$C$100) -> #N/A | M90: =D90* I90 -> 1400000 | N90: =IF(M90>=L90,"Achieved","Not Achieved") -> #N/A
A91: 2024-03-30 | B91: Mary Okon | D91: 1 | E91: Samuel | F91: Returned | G91: =PROPER(TRIM(B91)) -> Mary Okon | H91: =PROPER(TRIM(E91)) -> Samuel | I91: =_xlfn.XLOOKUP(C91,Product_List!$A$2:$A$100,Product_List!$C$2:$C$100) -> 0 | J91: =_xlfn.XLOOKUP(C91,Product_List!$A$2:$A$100,Product_List!$D$2:$D$100) -> 0 | K91: =_xlfn.XLOOKUP(E91,Employee_Targets!$A$2:$A$100,Employee_Targets!$B$2:$B$100) -> Retail | L91: =_xlfn.XLOOKUP(E91,Employee_Targets!$A$2:$A$100,Employee_Targets!$C$2:$C$100) -> 500000 | M91: =D91* I91 -> 0 | N91: =IF(M91>=L91,"Achieved","Not Achieved") -> Not Achieved
A92: 2024-03-31 | B92: Uknown Customer | C92: P105 | D92: 1 | E92: Emma | F92: pending | G92: =PROPER(TRIM(B92)) -> Uknown Customer | H92: =PROPER(TRIM(E92)) -> Emma | I92: =_xlfn.XLOOKUP(C92,Product_List!$A$2:$A$100,Product_List!$C$2:$C$100) -> 45000 | J92: =_xlfn.XLOOKUP(C92,Product_List!$A$2:$A$100,Product_List!$D$2:$D$100) -> Electronics | K92: =_xlfn.XLOOKUP(E92,Employee_Targets!$A$2:$A$100,Employee_Targets!$B$2:$B$100) -> Retail | L92: =_xlfn.XLOOKUP(E92,Employee_Targets!$A$2:$A$100,Employee_Targets!$C$2:$C$100) -> 200000 | M92: =D92* I92 -> 45000 | N92: =IF(M92>=L92,"Achieved","Not Achieved") -> Not Achieved
A93: 2024-04-01 | B93: Amina Bello | C93: P104 | D93: 2 | E93: Samuel | F93: Returned | G93: =PROPER(TRIM(B93)) -> Amina Bello | H93: =PROPER(TRIM(E93)) -> Samuel | I93: =_xlfn.XLOOKUP(C93,Product_List!$A$2:$A$100,Product_List!$C$2:$C$100) -> 90000 | J93: =_xlfn.XLOOKUP(C93,Product_List!$A$2:$A$100,Product_List!$D$2:$D$100) -> Electronics | K93: =_xlfn.XLOOKUP(E93,Employee_Targets!$A$2:$A$100,Employee_Targets!$B$2:$B$100) -> Retail | L93: =_xlfn.XLOOKUP(E93,Employee_Targets!$A$2:$A$100,Employee_Targets!$C$2:$C$100) -> 500000 | M93: =D93* I93 -> 180000 | N93: =IF(M93>=L93,"Achieved","Not Achieved") -> Not Achieved
A94: 2024-04-02 | B94: Mary Okon | C94: P104 | D94: Average | E94: Samuel | F94: Delivered | G94: =PROPER(TRIM(B94)) -> Mary Okon | H94: =PROPER(TRIM(E94)) -> Samuel | I94: =_xlfn.XLOOKUP(C94,Product_List!$A$2:$A$100,Product_List!$C$2:$C$100) -> 90000 | J94: =_xlfn.XLOOKUP(C94,Product_List!$A$2:$A$100,Product_List!$D$2:$D$100) -> Electronics | K94: =_xlfn.XLOOKUP(E94,Employee_Targets!$A$2:$A$100,Employee_Targets!$B$2:$B$100) -> Retail | L94: =_xlfn.XLOOKUP(E94,Employee_Targets!$A$2:$A$100,Employee_Targets!$C$2:$C$100) -> 500000 | M94: =D94* I94 -> #VALUE! | N94: =IF(M94>=L94,"Achieved","Not Achieved") -> #VALUE!
A95: 2024-04-03 | B95: Grace | C95: P104 | D95: 2 | E95: Samuel | F95: pending | G95: =PROPER(TRIM(B95)) -> Grace | H95: =PROPER(TRIM(E95)) -> Samuel | I95: =_xlfn.XLOOKUP(C95,Product_List!$A$2:$A$100,Product_List!$C$2:$C$100) -> 90000 | J95: =_xlfn.XLOOKUP(C95,Product_List!$A$2:$A$100,Product_List!$D$2:$D$100) -> Electronics | K95: =_xlfn.XLOOKUP(E95,Employee_Targets!$A$2:$A$100,Employee_Targets!$B$2:$B$100) -> Retail | L95: =_xlfn.XLOOKUP(E95,Employee_Targets!$A$2:$A$100,Employee_Targets!$C$2:$C$100) -> 500000 | M95: =D95* I95 -> 180000 | N95: =IF(M95>=L95,"Achieved","Not Achieved") -> Not Achieved
A96: 2024-04-04 | B96: Grace | C96: P104 | D96: 3 | E96: Samuel | F96: Returned | G96: =PROPER(TRIM(B96)) -> Grace | H96: =PROPER(TRIM(E96)) -> Samuel | I96: =_xlfn.XLOOKUP(C96,Product_List!$A$2:$A$100,Product_List!$C$2:$C$100) -> 90000 | J96: =_xlfn.XLOOKUP(C96,Product_List!$A$2:$A$100,Product_List!$D$2:$D$100) -> Electronics | K96: =_xlfn.XLOOKUP(E96,Employee_Targets!$A$2:$A$100,Employee_Targets!$B$2:$B$100) -> Retail | L96: =_xlfn.XLOOKUP(E96,Employee_Targets!$A$2:$A$100,Employee_Targets!$C$2:$C$100) -> 500000 | M96: =D96* I96 -> 270000 | N96: =IF(M96>=L96,"Achieved","Not Achieved") -> Not Achieved
A97: 2024-04-05 | B97: Grace | C97: P104 | D97: 4 | E97: Samuel | F97: pending | G97: =PROPER(TRIM(B97)) -> Grace | H97: =PROPER(TRIM(E97)) -> Samuel | I97: =_xlfn.XLOOKUP(C97,Product_List!$A$2:$A$100,Product_List!$C$2:$C$100) -> 90000 | J97: =_xlfn.XLOOKUP(C97,Product_List!$A$2:$A$100,Product_List!$D$2:$D$100) -> Electronics | K97: =_xlfn.XLOOKUP(E97,Employee_Targets!$A$2:$A$100,Employee_Targets!$B$2:$B$100) -> Retail | L97: =_xlfn.XLOOKUP(E97,Employee_Targets!$A$2:$A$100,Employee_Targets!$C$2:$C$100) -> 500000 | M97: =D97* I97 -> 360000 | N97: =IF(M97>=L97,"Achieved","Not Achieved") -> Not Achieved
A98: 2024-04-06 | B98: Mary Okon | C98: P105 | D98: 2 | E98: Samuel | F98: pending | G98: =PROPER(TRIM(B98)) -> Mary Okon | H98: =PROPER(TRIM(E98)) -> Samuel | I98: =_xlfn.XLOOKUP(C98,Product_List!$A$2:$A$100,Product_List!$C$2:$C$100) -> 45000 | J98: =_xlfn.XLOOKUP(C98,Product_List!$A$2:$A$100,Product_List!$D$2:$D$100) -> Electronics | K98: =_xlfn.XLOOKUP(E98,Employee_Targets!$A$2:$A$100,Employee_Targets!$B$2:$B$100) -> Retail | L98: =_xlfn.XLOOKUP(E98,Employee_Targets!$A$2:$A$100,Employee_Targets!$C$2:$C$100) -> 500000 | M98: =D98* I98 -> 90000 | N98: =IF(M98>=L98,"Achieved","Not Achieved") -> Not Achieved
A99: 2024-04-07 | B99: Amina Bello | C99: P105 | D99: 1 | E99: Emma | F99: pending | G99: =PROPER(TRIM(B99)) -> Amina Bello | H99: =PROPER(TRIM(E99)) -> Emma | I99: =_xlfn.XLOOKUP(C99,Product_List!$A$2:$A$100,Product_List!$C$2:$C$100) -> 45000 | J99: =_xlfn.XLOOKUP(C99,Product_List!$A$2:$A$100,Product_List!$D$2:$D$100) -> Electronics | K99: =_xlfn.XLOOKUP(E99,Employee_Targets!$A$2:$A$100,Employee_Targets!$B$2:$B$100) -> Retail | L99: =_xlfn.XLOOKUP(E99,Employee_Targets!$A$2:$A$100,Employee_Targets!$C$2:$C$100) -> 200000 | M99: =D99* I99 -> 45000 | N99: =IF(M99>=L99,"Achieved","Not Achieved") -> Not Achieved
A100: 2024-04-08 | B100: Grace | C100: P103 | D100: 4 | E100: Joy | F100: Returned | G100: =PROPER(TRIM(B100)) -> Grace | H100: =PROPER(TRIM(E100)) -> Joy | I100: =_xlfn.XLOOKUP(C100,Product_List!$A$2:$A$100,Product_List!$C$2:$C$100) -> 5000 | J100: =_xlfn.XLOOKUP(C100,Product_List!$A$2:$A$100,Product_List!$D$2:$D$100) -> Accessories | K100: =_xlfn.XLOOKUP(E100,Employee_Targets!$A$2:$A$100,Employee_Targets!$B$2:$B$100) -> Corporate | L100: =_xlfn.XLOOKUP(E100,Employee_Targets!$A$2:$A$100,Employee_Targets!$C$2:$C$100) -> 350000 | M100: =D100* I100 -> 20000 | N100: =IF(M100>=L100,"Achieved","Not Achieved") -> Not Achieved
...

Sheet Product_List
A1: Product ID | B1: Product Name | C1: Price | D1: Category
A2: P101 | B2: Laptop | C2: 350000 | D2: Electronics
A3: P102 | B3: Keyboard | C3: 15000 | D3: Accessories
A4: P103 | B4: Mouse | C4: 5000 | D4: Accessories
A5: P104 | B5: Monitor | C5: 90000 | D5: Electronics
A6: P105 | B6: Printer | C6: 45000 | D6: Electronics

Sheet Employee_Targets
A1: Sales Rep | B1: Department | C1: Monthly Target
A2: Samuel | B2: Retail | C2: 500000
A3: Joy | B3: Corporate | C3: 350000
A4: Emma | B4: Retail | C4: 200000
A5: Henry | B5: Online | C5: 150000
